frame.time_epoch,ip.src,ip.dst,ipv6.src,ipv6.dst,tcp.srcport,tcp.dstport,udp.srcport,udp.dstport,_ws.col.protocol
"1766114726.030088262","192.168.1.18","192.168.1.1",,,,,"49558","53","DNS"
"1766114726.030142976","192.168.1.18","192.168.1.1",,,,,"49558","53","DNS"
"1766114726.160252601","192.168.1.1","192.168.1.18",,,,,"53","49558","DNS"
"1766114726.160257614","192.168.1.1","192.168.1.18",,,,,"53","49558","DNS"
"1766114733.935514183",,,,,,,,,"ARP"
"1766114733.937672466",,,,,,,,,"ARP"
"1766114734.096294895","192.168.1.18","192.168.1.1",,,"46224","113",,,"TCP"
"1766114734.096429061","192.168.1.18","192.168.1.1",,,"46224","139",,,"TCP"
"1766114734.096474666","192.168.1.18","192.168.1.1",,,"46224","53",,,"TCP"
"1766114734.096496325","192.168.1.18","192.168.1.1",,,"46224","143",,,"TCP"
"1766114734.096512005","192.168.1.18","192.168.1.1",,,"46224","135",,,"TCP"
"1766114734.096525345","192.168.1.18","192.168.1.1",,,"46224","256",,,"TCP"
"1766114734.096538826","192.168.1.18","192.168.1.1",,,"46224","25",,,"TCP"
"1766114734.096552367","192.168.1.18","192.168.1.1",,,"46224","80",,,"TCP"
"1766114734.096564916","192.168.1.18","192.168.1.1",,,"46224","199",,,"TCP"
"1766114734.096589035","192.168.1.18","192.168.1.1",,,"46224","21",,,"TCP"
"1766114734.105047091","192.168.1.1","192.168.1.18",,,"113","46224",,,"TCP"
"1766114734.105049055","192.168.1.1","192.168.1.18",,,"139","46224",,,"TCP"
"1766114734.105049924","192.168.1.1","192.168.1.18",,,"53","46224",,,"TCP"
"1766114734.105128827","192.168.1.18","192.168.1.1",,,"46224","53",,,"TCP"
"1766114734.105050775","192.168.1.1","192.168.1.18",,,"143","46224",,,"TCP"
"1766114734.105051682","192.168.1.1","192.168.1.18",,,"135","46224",,,"TCP"
"1766114734.105223299","192.168.1.1","192.168.1.18",,,"256","46224",,,"TCP"
"1766114734.105224905","192.168.1.1","192.168.1.18",,,"25","46224",,,"TCP"
"1766114734.105225764","192.168.1.1","192.168.1.18",,,"80","46224",,,"TCP"
"1766114734.105262685","192.168.1.18","192.168.1.1",,,"46224","80",,,"TCP"
"1766114734.105230044","192.168.1.1","192.168.1.18",,,"199","46224",,,"TCP"
"1766114734.107417389","192.168.1.18","192.168.1.1",,,"46224","23",,,"TCP"
"1766114734.107434509","192.168.1.18","192.168.1.1",,,"46224","111",,,"TCP"
"1766114734.107445085","192.168.1.18","192.168.1.1",,,"46224","22",,,"TCP"
"1766114734.107454186","192.168.1.18","192.168.1.1",,,"46224","110",,,"TCP"
"1766114734.107463422","192.168.1.18","192.168.1.1",,,"46224","154",,,"TCP"
"1766114734.107473433","192.168.1.18","192.168.1.1",,,"46224","138",,,"TCP"
"1766114734.107482427","192.168.1.18","192.168.1.1",,,"46224","66",,,"TCP"
"1766114734.107492443","192.168.1.18","192.168.1.1",,,"46224","150",,,"TCP"
"1766114734.107501090","192.168.1.18","192.168.1.1",,,"46224","116",,,"TCP"
"1766114734.107510497","192.168.1.18","192.168.1.1",,,"46224","161",,,"TCP"
"1766114734.107523297","192.168.1.18","192.168.1.1",,,"46224","29",,,"TCP"
"1766114734.107532601","192.168.1.18","192.168.1.1",,,"46224","196",,,"TCP"
"1766114734.107541174","192.168.1.18","192.168.1.1",,,"46224","182",,,"TCP"
"1766114734.107549515","192.168.1.18","192.168.1.1",,,"46224","50",,,"TCP"
"1766114734.107557808","192.168.1.18","192.168.1.1",,,"46224","48",,,"TCP"
"1766114734.107567649","192.168.1.18","192.168.1.1",,,"46224","233",,,"TCP"
"1766114734.107576376","192.168.1.18","192.168.1.1",,,"46224","217",,,"TCP"
"1766114734.107585169","192.168.1.18","192.168.1.1",,,"46224","160",,,"TCP"
"1766114734.115553143","192.168.1.1","192.168.1.18",,,"111","46224",,,"TCP"
"1766114734.115622693","192.168.1.18","192.168.1.1",,,"46224","111",,,"TCP"
"1766114734.115554708","192.168.1.1","192.168.1.18",,,"110","46224",,,"TCP"
"1766114734.115555408","192.168.1.1","192.168.1.18",,,"154","46224",,,"TCP"
"1766114734.115556101","192.168.1.1","192.168.1.18",,,"138","46224",,,"TCP"
"1766114734.115556757","192.168.1.1","192.168.1.18",,,"66","46224",,,"TCP"
"1766114734.115557408","192.168.1.1","192.168.1.18",,,"150","46224",,,"TCP"
"1766114734.115558068","192.168.1.1","192.168.1.18",,,"116","46224",,,"TCP"
"1766114734.115558719","192.168.1.1","192.168.1.18",,,"161","46224",,,"TCP"
"1766114734.115559432","192.168.1.1","192.168.1.18",,,"29","46224",,,"TCP"
"1766114734.115560089","192.168.1.1","192.168.1.18",,,"196","46224",,,"TCP"
"1766114734.115560827","192.168.1.1","192.168.1.18",,,"182","46224",,,"TCP"
"1766114734.115561470","192.168.1.1","192.168.1.18",,,"50","46224",,,"TCP"
"1766114734.115750096","192.168.1.1","192.168.1.18",,,"48","46224",,,"TCP"
"1766114734.115751026","192.168.1.1","192.168.1.18",,,"233","46224",,,"TCP"
"1766114734.115751763","192.168.1.1","192.168.1.18",,,"217","46224",,,"TCP"
"1766114734.115755341","192.168.1.1","192.168.1.18",,,"160","46224",,,"TCP"
"1766114734.117894425","192.168.1.18","192.168.1.1",,,"46224","79",,,"TCP"
"1766114734.117923528","192.168.1.18","192.168.1.1",,,"46224","251",,,"TCP"
"1766114734.117936206","192.168.1.18","192.168.1.1",,,"46224","30",,,"TCP"
"1766114734.117946929","192.168.1.18","192.168.1.1",,,"46224","77",,,"TCP"
"1766114734.117960188","192.168.1.18","192.168.1.1",,,"46224","225",,,"TCP"
"1766114734.117972274","192.168.1.18","192.168.1.1",,,"46224","215",,,"TCP"
"1766114734.117984470","192.168.1.18","192.168.1.1",,,"46224","2",,,"TCP"
"1766114734.117996409","192.168.1.18","192.168.1.1",,,"46224","132",,,"TCP"
"1766114734.118006683","192.168.1.18","192.168.1.1",,,"46224","55",,,"TCP"
"1766114734.118017948","192.168.1.18","192.168.1.1",,,"46224","198",,,"TCP"
"1766114734.118030653","192.168.1.18","192.168.1.1",,,"46224","205",,,"TCP"
"1766114734.118041790","192.168.1.18","192.168.1.1",,,"46224","151",,,"TCP"
"1766114734.118052232","192.168.1.18","192.168.1.1",,,"46224","290",,,"TCP"
"1766114734.118063505","192.168.1.18","192.168.1.1",,,"46224","96",,,"TCP"
"1766114734.118074853","192.168.1.18","192.168.1.1",,,"46224","270",,,"TCP"
"1766114734.118087963","192.168.1.18","192.168.1.1",,,"46224","164",,,"TCP"
"1766114734.118099945","192.168.1.18","192.168.1.1",,,"46224","226",,,"TCP"
"1766114734.118110821","192.168.1.18","192.168.1.1",,,"46224","27",,,"TCP"
"1766114734.118121070","192.168.1.18","192.168.1.1",,,"46224","283",,,"TCP"
"1766114734.118132067","192.168.1.18","192.168.1.1",,,"46224","266",,,"TCP"
"1766114734.118143707","192.168.1.18","192.168.1.1",,,"46224","12",,,"TCP"
"1766114734.118154931","192.168.1.18","192.168.1.1",,,"46224","4",,,"TCP"
"1766114734.118165945","192.168.1.18","192.168.1.1",,,"46224","249",,,"TCP"
"1766114734.118177678","192.168.1.18","192.168.1.1",,,"46224","136",,,"TCP"
"1766114734.118188698","192.168.1.18","192.168.1.1",,,"46224","174",,,"TCP"
"1766114734.118199872","192.168.1.18","192.168.1.1",,,"46224","163",,,"TCP"
"1766114734.118212996","192.168.1.18","192.168.1.1",,,"46224","287",,,"TCP"
"1766114734.118224114","192.168.1.18","192.168.1.1",,,"46224","105",,,"TCP"
"1766114734.118238108","192.168.1.18","192.168.1.1",,,"46224","16",,,"TCP"
"1766114734.118392646","192.168.1.18","192.168.1.1",,,"46224","212",,,"TCP"
"1766114734.118404479","192.168.1.18","192.168.1.1",,,"46224","220",,,"TCP"
"1766114734.118418056","192.168.1.18","192.168.1.1",,,"46224","14",,,"TCP"
"1766114734.122104659","192.168.1.1","192.168.1.18",,,"79","46224",,,"TCP"
"1766114734.122107210","192.168.1.1","192.168.1.18",,,"251","46224",,,"TCP"
"1766114734.122108355","192.168.1.1","192.168.1.18",,,"30","46224",,,"TCP"
"1766114734.122109486","192.168.1.1","192.168.1.18",,,"77","46224",,,"TCP"
"1766114734.122110568","192.168.1.1","192.168.1.18",,,"225","46224",,,"TCP"
"1766114734.122111546","192.168.1.1","192.168.1.18",,,"215","46224",,,"TCP"
"1766114734.122112524","192.168.1.1","192.168.1.18",,,"2","46224",,,"TCP"
"1766114734.122113455","192.168.1.1","192.168.1.18",,,"132","46224",,,"TCP"
"1766114734.122114537","192.168.1.1","192.168.1.18",,,"55","46224",,,"TCP"
"1766114734.122115748","192.168.1.1","192.168.1.18",,,"198","46224",,,"TCP"
"1766114734.122116809","192.168.1.1","192.168.1.18",,,"205","46224",,,"TCP"
"1766114734.122117851","192.168.1.1","192.168.1.18",,,"151","46224",,,"TCP"
"1766114734.122119150","192.168.1.1","192.168.1.18",,,"290","46224",,,"TCP"
"1766114734.122120291","192.168.1.1","192.168.1.18",,,"96","46224",,,"TCP"
"1766114734.122121556","192.168.1.1","192.168.1.18",,,"270","46224",,,"TCP"
"1766114734.122129020","192.168.1.1","192.168.1.18",,,"164","46224",,,"TCP"
"1766114734.122404929","192.168.1.1","192.168.1.18",,,"226","46224",,,"TCP"
"1766114734.122406268","192.168.1.1","192.168.1.18",,,"27","46224",,,"TCP"
"1766114734.122407169","192.168.1.1","192.168.1.18",,,"283","46224",,,"TCP"
"1766114734.122407995","192.168.1.1","192.168.1.18",,,"266","46224",,,"TCP"
"1766114734.122408898","192.168.1.1","192.168.1.18",,,"12","46224",,,"TCP"
"1766114734.122533236","192.168.1.1","192.168.1.18",,,"4","46224",,,"TCP"
"1766114734.122534308","192.168.1.1","192.168.1.18",,,"249","46224",,,"TCP"
"1766114734.122535154","192.168.1.1","192.168.1.18",,,"136","46224",,,"TCP"
"1766114734.122536121","192.168.1.1","192.168.1.18",,,"174","46224",,,"TCP"
"1766114734.122537030","192.168.1.1","192.168.1.18",,,"163","46224",,,"TCP"
"1766114734.122537939","192.168.1.1","192.168.1.18",,,"287","46224",,,"TCP"
"1766114734.122538841","192.168.1.1","192.168.1.18",,,"105","46224",,,"TCP"
"1766114734.122539739","192.168.1.1","192.168.1.18",,,"16","46224",,,"TCP"
"1766114734.122540639","192.168.1.1","192.168.1.18",,,"212","46224",,,"TCP"
"1766114734.122541568","192.168.1.1","192.168.1.18",,,"220","46224",,,"TCP"
"1766114734.122544201","192.168.1.1","192.168.1.18",,,"14","46224",,,"TCP"
"1766114734.124776906","192.168.1.18","192.168.1.1",,,"46224","218",,,"TCP"
"1766114734.124804025","192.168.1.18","192.168.1.1",,,"46224","300",,,"TCP"
"1766114734.124816948","192.168.1.18","192.168.1.1",,,"46224","28",,,"TCP"
"1766114734.124826035","192.168.1.18","192.168.1.1",,,"46224","52",,,"TCP"
"1766114734.124834728","192.168.1.18","192.168.1.1",,,"46224","41",,,"TCP"
"1766114734.124843242","192.168.1.18","192.168.1.1",,,"46224","273",,,"TCP"
"1766114734.124851716","192.168.1.18","192.168.1.1",,,"46224","238",,,"TCP"
"1766114734.124862096","192.168.1.18","192.168.1.1",,,"46224","201",,,"TCP"
"1766114734.124870932","192.168.1.18","192.168.1.1",,,"46224","39",,,"TCP"
"1766114734.124880389","192.168.1.18","192.168.1.1",,,"46224","34",,,"TCP"
"1766114734.124888760","192.168.1.18","192.168.1.1",,,"46224","94",,,"TCP"
"1766114734.124902574","192.168.1.18","192.168.1.1",,,"46224","20",,,"TCP"
"1766114734.124917881","192.168.1.18","192.168.1.1",,,"46224","43",,,"TCP"
"1766114734.124934220","192.168.1.18","192.168.1.1",,,"46224","236",,,"TCP"
"1766114734.124949567","192.168.1.18","192.168.1.1",,,"46224","272",,,"TCP"
"1766114734.124964233","192.168.1.18","192.168.1.1",,,"46224","76",,,"TCP"
"1766114734.124980282","192.168.1.18","192.168.1.1",,,"46224","45",,,"TCP"
"1766114734.124996356","192.168.1.18","192.168.1.1",,,"46224","46",,,"TCP"
"1766114734.125024939","192.168.1.18","192.168.1.1",,,"46224","127",,,"TCP"
"1766114734.125040801","192.168.1.18","192.168.1.1",,,"46224","158",,,"TCP"
"1766114734.125052570","192.168.1.18","192.168.1.1",,,"46224","107",,,"TCP"
"1766114734.125064341","192.168.1.18","192.168.1.1",,,"46224","60",,,"TCP"
"1766114734.125075280","192.168.1.18","192.168.1.1",,,"46224","98",,,"TCP"
"1766114734.125088011","192.168.1.18","192.168.1.1",,,"46224","170",,,"TCP"
"1766114734.125100185","192.168.1.18","192.168.1.1",,,"46224","247",,,"TCP"
"1766114734.125110993","192.168.1.18","192.168.1.1",,,"46224","232",,,"TCP"
"1766114734.125121735","192.168.1.18","192.168.1.1",,,"46224","88",,,"TCP"
"1766114734.125133316","192.168.1.18","192.168.1.1",,,"46224","250",,,"TCP"
"1766114734.125144656","192.168.1.18","192.168.1.1",,,"46224","222",,,"TCP"
"1766114734.125164428","192.168.1.18","192.168.1.1",,,"46224","68",,,"TCP"
"1766114734.125175420","192.168.1.18","192.168.1.1",,,"46224","112",,,"TCP"
"1766114734.125186536","192.168.1.18","192.168.1.1",,,"46224","263",,,"TCP"
"1766114734.125200801","192.168.1.18","192.168.1.1",,,"46224","64",,,"TCP"
"1766114734.125214590","192.168.1.18","192.168.1.1",,,"46224","200",,,"TCP"
"1766114734.125226949","192.168.1.18","192.168.1.1",,,"46224","234",,,"TCP"
"1766114734.125259368","192.168.1.18","192.168.1.1",,,"46224","230",,,"TCP"
"1766114734.125499152","192.168.1.18","192.168.1.1",,,"46224","292",,,"TCP"
"1766114734.125570911","192.168.1.18","192.168.1.1",,,"46224","89",,,"TCP"
"1766114734.125585832","192.168.1.18","192.168.1.1",,,"46224","56",,,"TCP"
"1766114734.125599073","192.168.1.18","192.168.1.1",,,"46224","227",,,"TCP"
"1766114734.125609947","192.168.1.18","192.168.1.1",,,"46224","179",,,"TCP"
"1766114734.125623621","192.168.1.18","192.168.1.1",,,"46224","15",,,"TCP"
"1766114734.125636154","192.168.1.18","192.168.1.1",,,"46224","65",,,"TCP"
"1766114734.125651252","192.168.1.18","192.168.1.1",,,"46224","19",,,"TCP"
"1766114734.125663691","192.168.1.18","192.168.1.1",,,"46224","130",,,"TCP"
"1766114734.125674872","192.168.1.18","192.168.1.1",,,"46224","260",,,"TCP"
"1766114734.125689808","192.168.1.18","192.168.1.1",,,"46224","137",,,"TCP"
"1766114734.125701562","192.168.1.18","192.168.1.1",,,"46224","159",,,"TCP"
"1766114734.125711380","192.168.1.18","192.168.1.1",,,"46224","210",,,"TCP"
"1766114734.125729239","192.168.1.18","192.168.1.1",,,"46224","144",,,"TCP"
"1766114734.127898934","192.168.1.18","192.168.1.1",,,"46224","246",,,"TCP"
"1766114734.127950024","192.168.1.18","192.168.1.1",,,"46224","149",,,"TCP"
"1766114734.127974730","192.168.1.18","192.168.1.1",,,"46224","18",,,"TCP"
"1766114734.127990231","192.168.1.18","192.168.1.1",,,"46224","103",,,"TCP"
"1766114734.128033920","192.168.1.1","192.168.1.18",,,"218","46224",,,"TCP"
"1766114734.128064503","192.168.1.18","192.168.1.1",,,"46224","36",,,"TCP"
"1766114734.128076884","192.168.1.18","192.168.1.1",,,"46224","104",,,"TCP"
"1766114734.128036564","192.168.1.1","192.168.1.18",,,"300","46224",,,"TCP"
"1766114734.128088692","192.168.1.18","192.168.1.1",,,"46224","142",,,"TCP"
"1766114734.128037800","192.168.1.1","192.168.1.18",,,"28","46224",,,"TCP"
"1766114734.128038952","192.168.1.1","192.168.1.18",,,"52","46224",,,"TCP"
"1766114734.128040088","192.168.1.1","192.168.1.18",,,"41","46224",,,"TCP"
"1766114734.128100278","192.168.1.18","192.168.1.1",,,"46224","211",,,"TCP"
"1766114734.128041217","192.168.1.1","192.168.1.18",,,"273","46224",,,"TCP"
"1766114734.128042339","192.168.1.1","192.168.1.18",,,"238","46224",,,"TCP"
"1766114734.128043475","192.168.1.1","192.168.1.18",,,"201","46224",,,"TCP"
"1766114734.128113970","192.168.1.18","192.168.1.1",,,"46224","268",,,"TCP"
"1766114734.128044719","192.168.1.1","192.168.1.18",,,"39","46224",,,"TCP"
"1766114734.128045874","192.168.1.1","192.168.1.18",,,"34","46224",,,"TCP"
"1766114734.128125834","192.168.1.18","192.168.1.1",,,"46224","171",,,"TCP"
"1766114734.128047019","192.168.1.1","192.168.1.18",,,"94","46224",,,"TCP"
"1766114734.128048237","192.168.1.1","192.168.1.18",,,"20","46224",,,"TCP"
"1766114734.128169432","192.168.1.18","192.168.1.1",,,"46224","202",,,"TCP"
"1766114734.128183893","192.168.1.1","192.168.1.18",,,"43","46224",,,"TCP"
"1766114734.128189258","192.168.1.1","192.168.1.18",,,"236","46224",,,"TCP"
"1766114734.128203048","192.168.1.18","192.168.1.1",,,"46224","162",,,"TCP"
"1766114734.128215936","192.168.1.18","192.168.1.1",,,"46224","6",,,"TCP"
"1766114734.128227527","192.168.1.18","192.168.1.1",,,"46224","140",,,"TCP"
"1766114734.130567121","192.168.1.18","192.168.1.1",,,"46224","204",,,"TCP"
"1766114734.130632966","192.168.1.18","192.168.1.1",,,"46224","17",,,"TCP"
"1766114734.130654193","192.168.1.18","192.168.1.1",,,"46224","235",,,"TCP"
"1766114734.130667187","192.168.1.18","192.168.1.1",,,"46224","274",,,"TCP"
"1766114734.130679053","192.168.1.18","192.168.1.1",,,"46224","207",,,"TCP"
"1766114734.130701851","192.168.1.18","192.168.1.1",,,"46224","1",,,"TCP"
"1766114734.130715424","192.168.1.18","192.168.1.1",,,"46224","177",,,"TCP"
"1766114734.130730878","192.168.1.18","192.168.1.1",,,"46224","83",,,"TCP"
"1766114734.130766442","192.168.1.18","192.168.1.1",,,"46224","255",,,"TCP"
"1766114734.130847774","192.168.1.18","192.168.1.1",,,"46224","128",,,"TCP"
"1766114734.130863257","192.168.1.18","192.168.1.1",,,"46224","176",,,"TCP"
"1766114734.130875194","192.168.1.18","192.168.1.1",,,"46224","109",,,"TCP"
"1766114734.130887232","192.168.1.18","192.168.1.1",,,"46224","59",,,"TCP"
"1766114734.130899989","192.168.1.18","192.168.1.1",,,"46224","31",,,"TCP"
"1766114734.130914440","192.168.1.18","192.168.1.1",,,"46224","289",,,"TCP"
"1766114734.130930225","192.168.1.18","192.168.1.1",,,"46224","119",,,"TCP"
"1766114734.130962858","192.168.1.18","192.168.1.1",,,"46224","74",,,"TCP"
"1766114734.130974627","192.168.1.18","192.168.1.1",,,"46224","121",,,"TCP"
"1766114734.130988563","192.168.1.18","192.168.1.1",,,"46224","216",,,"TCP"
"1766114734.131000593","192.168.1.18","192.168.1.1",,,"46224","153",,,"TCP"
"1766114734.131012545","192.168.1.18","192.168.1.1",,,"46224","262",,,"TCP"
"1766114734.131025076","192.168.1.18","192.168.1.1",,,"46224","47",,,"TCP"
"1766114734.131632630","192.168.1.1","192.168.1.18",,,"272","46224",,,"TCP"
"1766114734.131634375","192.168.1.1","192.168.1.18",,,"76","46224",,,"TCP"
"1766114734.131635230","192.168.1.1","192.168.1.18",,,"45","46224",,,"TCP"
"1766114734.131635877","192.168.1.1","192.168.1.18",,,"46","46224",,,"TCP"
"1766114734.131636565","192.168.1.1","192.168.1.18",,,"127","46224",,,"TCP"
"1766114734.131637227","192.168.1.1","192.168.1.18",,,"158","46224",,,"TCP"
"1766114734.131637896","192.168.1.1","192.168.1.18",,,"107","46224",,,"TCP"
"1766114734.131638547","192.168.1.1","192.168.1.18",,,"60","46224",,,"TCP"
"1766114734.131639234","192.168.1.1","192.168.1.18",,,"98","46224",,,"TCP"
"1766114734.131639884","192.168.1.1","192.168.1.18",,,"170","46224",,,"TCP"
"1766114734.131640596","192.168.1.1","192.168.1.18",,,"247","46224",,,"TCP"
"1766114734.131777835","192.168.1.1","192.168.1.18",,,"232","46224",,,"TCP"
"1766114734.131780077","192.168.1.1","192.168.1.18",,,"88","46224",,,"TCP"
"1766114734.133905028","192.168.1.18","192.168.1.1",,,"46224","191",,,"TCP"
"1766114734.133928876","192.168.1.18","192.168.1.1",,,"46224","37",,,"TCP"
"1766114734.133944455","192.168.1.18","192.168.1.1",,,"46224","84",,,"TCP"
"1766114734.133955884","192.168.1.18","192.168.1.1",,,"46224","82",,,"TCP"
"1766114734.133966904","192.168.1.18","192.168.1.1",,,"46224","197",,,"TCP"
"1766114734.133978395","192.168.1.18","192.168.1.1",,,"46224","124",,,"TCP"
"1766114734.133989358","192.168.1.18","192.168.1.1",,,"46224","51",,,"TCP"
"1766114734.134000544","192.168.1.18","192.168.1.1",,,"46224","175",,,"TCP"
"1766114734.134011426","192.168.1.18","192.168.1.1",,,"46224","32",,,"TCP"
"1766114734.134022278","192.168.1.18","192.168.1.1",,,"46224","239",,,"TCP"
"1766114734.134032854","192.168.1.18","192.168.1.1",,,"46224","95",,,"TCP"
"1766114734.134043471","192.168.1.18","192.168.1.1",,,"46224","126",,,"TCP"
"1766114734.134054725","192.168.1.18","192.168.1.1",,,"46224","146",,,"TCP"
"1766114734.134130476","192.168.1.1","192.168.1.18",,,"250","46224",,,"TCP"
"1766114734.134131642","192.168.1.1","192.168.1.18",,,"222","46224",,,"TCP"
"1766114734.134132407","192.168.1.1","192.168.1.18",,,"68","46224",,,"TCP"
"1766114734.134133216","192.168.1.1","192.168.1.18",,,"112","46224",,,"TCP"
"1766114734.134133935","192.168.1.1","192.168.1.18",,,"263","46224",,,"TCP"
"1766114734.134134720","192.168.1.1","192.168.1.18",,,"64","46224",,,"TCP"
"1766114734.134135367","192.168.1.1","192.168.1.18",,,"200","46224",,,"TCP"
"1766114734.134137438","192.168.1.1","192.168.1.18",,,"234","46224",,,"TCP"
"1766114734.134938246","192.168.1.1","192.168.1.18",,,"230","46224",,,"TCP"
"1766114734.134939367","192.168.1.1","192.168.1.18",,,"292","46224",,,"TCP"
"1766114734.134940046","192.168.1.1","192.168.1.18",,,"89","46224",,,"TCP"
"1766114734.134940757","192.168.1.1","192.168.1.18",,,"56","46224",,,"TCP"
"1766114734.134941427","192.168.1.1","192.168.1.18",,,"227","46224",,,"TCP"
"1766114734.134942172","192.168.1.1","192.168.1.18",,,"179","46224",,,"TCP"
"1766114734.134942859","192.168.1.1","192.168.1.18",,,"15","46224",,,"TCP"
"1766114734.134943634","192.168.1.1","192.168.1.18",,,"65","46224",,,"TCP"
"1766114734.134944294","192.168.1.1","192.168.1.18",,,"19","46224",,,"TCP"
"1766114734.134944949","192.168.1.1","192.168.1.18",,,"130","46224",,,"TCP"
"1766114734.134945657","192.168.1.1","192.168.1.18",,,"260","46224",,,"TCP"
"1766114734.135101266","192.168.1.1","192.168.1.18",,,"137","46224",,,"TCP"
"1766114734.135102081","192.168.1.1","192.168.1.18",,,"159","46224",,,"TCP"
"1766114734.135102804","192.168.1.1","192.168.1.18",,,"210","46224",,,"TCP"
"1766114734.135103493","192.168.1.1","192.168.1.18",,,"144","46224",,,"TCP"
"1766114734.135104177","192.168.1.1","192.168.1.18",,,"246","46224",,,"TCP"
"1766114734.135104831","192.168.1.1","192.168.1.18",,,"149","46224",,,"TCP"
"1766114734.135105486","192.168.1.1","192.168.1.18",,,"18","46224",,,"TCP"
"1766114734.135106130","192.168.1.1","192.168.1.18",,,"103","46224",,,"TCP"
"1766114734.135106770","192.168.1.1","192.168.1.18",,,"36","46224",,,"TCP"
"1766114734.135107426","192.168.1.1","192.168.1.18",,,"104","46224",,,"TCP"
"1766114734.135108270","192.168.1.1","192.168.1.18",,,"142","46224",,,"TCP"
"1766114734.135108948","192.168.1.1","192.168.1.18",,,"211","46224",,,"TCP"
"1766114734.135109597","192.168.1.1","192.168.1.18",,,"268","46224",,,"TCP"
"1766114734.135110308","192.168.1.1","192.168.1.18",,,"171","46224",,,"TCP"
"1766114734.135110970","192.168.1.1","192.168.1.18",,,"202","46224",,,"TCP"
"1766114734.135111615","192.168.1.1","192.168.1.18",,,"162","46224",,,"TCP"
"1766114734.135112272","192.168.1.1","192.168.1.18",,,"6","46224",,,"TCP"
"1766114734.135114455","192.168.1.1","192.168.1.18",,,"140","46224",,,"TCP"
"1766114734.136231893","192.168.1.1","192.168.1.18",,,"204","46224",,,"TCP"
"1766114734.136233176","192.168.1.1","192.168.1.18",,,"17","46224",,,"TCP"
"1766114734.136233827","192.168.1.1","192.168.1.18",,,"235","46224",,,"TCP"
"1766114734.136234471","192.168.1.1","192.168.1.18",,,"274","46224",,,"TCP"
"1766114734.136235111","192.168.1.1","192.168.1.18",,,"207","46224",,,"TCP"
"1766114734.136235749","192.168.1.1","192.168.1.18",,,"1","46224",,,"TCP"
"1766114734.136236385","192.168.1.1","192.168.1.18",,,"177","46224",,,"TCP"
"1766114734.136237080","192.168.1.1","192.168.1.18",,,"83","46224",,,"TCP"
"1766114734.136237822","192.168.1.1","192.168.1.18",,,"255","46224",,,"TCP"
"1766114734.136238469","192.168.1.1","192.168.1.18",,,"128","46224",,,"TCP"
"1766114734.136239138","192.168.1.1","192.168.1.18",,,"176","46224",,,"TCP"
"1766114734.136239887","192.168.1.1","192.168.1.18",,,"109","46224",,,"TCP"
"1766114734.136383998","192.168.1.1","192.168.1.18",,,"59","46224",,,"TCP"
"1766114734.136386785","192.168.1.1","192.168.1.18",,,"31","46224",,,"TCP"
"1766114734.137415156","192.168.1.1","192.168.1.18",,,"289","46224",,,"TCP"
"1766114734.137416661","192.168.1.1","192.168.1.18",,,"119","46224",,,"TCP"
"1766114734.137417588","192.168.1.1","192.168.1.18",,,"74","46224",,,"TCP"
"1766114734.137418231","192.168.1.1","192.168.1.18",,,"121","46224",,,"TCP"
"1766114734.137419031","192.168.1.1","192.168.1.18",,,"216","46224",,,"TCP"
"1766114734.137419953","192.168.1.1","192.168.1.18",,,"153","46224",,,"TCP"
"1766114734.137420756","192.168.1.1","192.168.1.18",,,"262","46224",,,"TCP"
"1766114734.137421528","192.168.1.1","192.168.1.18",,,"47","46224",,,"TCP"
"1766114734.137422230","192.168.1.1","192.168.1.18",,,"191","46224",,,"TCP"
"1766114734.137422941","192.168.1.1","192.168.1.18",,,"37","46224",,,"TCP"
"1766114734.137423708","192.168.1.1","192.168.1.18",,,"84","46224",,,"TCP"
"1766114734.137424432","192.168.1.1","192.168.1.18",,,"82","46224",,,"TCP"
"1766114734.137425132","192.168.1.1","192.168.1.18",,,"197","46224",,,"TCP"
"1766114734.137425792","192.168.1.1","192.168.1.18",,,"124","46224",,,"TCP"
"1766114734.137428874","192.168.1.1","192.168.1.18",,,"51","46224",,,"TCP"
"1766114734.138453998","192.168.1.1","192.168.1.18",,,"175","46224",,,"TCP"
"1766114734.138455281","192.168.1.1","192.168.1.18",,,"32","46224",,,"TCP"
"1766114734.138456188","192.168.1.1","192.168.1.18",,,"239","46224",,,"TCP"
"1766114734.138457141","192.168.1.1","192.168.1.18",,,"95","46224",,,"TCP"
"1766114734.138458055","192.168.1.1","192.168.1.18",,,"126","46224",,,"TCP"
"1766114734.138460468","192.168.1.1","192.168.1.18",,,"146","46224",,,"TCP"
"1766114734.140630414","192.168.1.18","192.168.1.1",,,"46224","245",,,"TCP"
"1766114734.140659074","192.168.1.18","192.168.1.1",,,"46224","75",,,"TCP"
"1766114734.140672167","192.168.1.18","192.168.1.1",,,"46224","86",,,"TCP"
"1766114734.140681336","192.168.1.18","192.168.1.1",,,"46224","206",,,"TCP"
"1766114734.140690191","192.168.1.18","192.168.1.1",,,"46224","299",,,"TCP"
"1766114734.140700969","192.168.1.18","192.168.1.1",,,"46224","271",,,"TCP"
"1766114734.140709853","192.168.1.18","192.168.1.1",,,"46224","78",,,"TCP"
"1766114734.140720538","192.168.1.18","192.168.1.1",,,"46224","209",,,"TCP"
"1766114734.140729297","192.168.1.18","192.168.1.1",,,"46224","172",,,"TCP"
"1766114734.140737986","192.168.1.18","192.168.1.1",,,"46224","9",,,"TCP"
"1766114734.140746495","192.168.1.18","192.168.1.1",,,"46224","99",,,"TCP"
"1766114734.140754962","192.168.1.18","192.168.1.1",,,"46224","224",,,"TCP"
"1766114734.140763412","192.168.1.18","192.168.1.1",,,"46224","71",,,"TCP"
"1766114734.140771863","192.168.1.18","192.168.1.1",,,"46224","294",,,"TCP"
"1766114734.140780663","192.168.1.18","192.168.1.1",,,"46224","178",,,"TCP"
"1766114734.140789153","192.168.1.18","192.168.1.1",,,"46224","167",,,"TCP"
"1766114734.140798840","192.168.1.18","192.168.1.1",,,"46224","120",,,"TCP"
"1766114734.140807725","192.168.1.18","192.168.1.1",,,"46224","92",,,"TCP"
"1766114734.140816336","192.168.1.18","192.168.1.1",,,"46224","185",,,"TCP"
"1766114734.140824427","192.168.1.18","192.168.1.1",,,"46224","168",,,"TCP"
"1766114734.140832640","192.168.1.18","192.168.1.1",,,"46224","203",,,"TCP"
"1766114734.140841095","192.168.1.18","192.168.1.1",,,"46224","54",,,"TCP"
"1766114734.140853287","192.168.1.18","192.168.1.1",,,"46224","148",,,"TCP"
"1766114734.140862361","192.168.1.18","192.168.1.1",,,"46224","244",,,"TCP"
"1766114734.140871254","192.168.1.18","192.168.1.1",,,"46224","3",,,"TCP"
"1766114734.140879680","192.168.1.18","192.168.1.1",,,"46224","61",,,"TCP"
"1766114734.140888204","192.168.1.18","192.168.1.1",,,"46224","87",,,"TCP"
"1766114734.140896669","192.168.1.18","192.168.1.1",,,"46224","214",,,"TCP"
"1766114734.140905178","192.168.1.18","192.168.1.1",,,"46224","282",,,"TCP"
"1766114734.140913256","192.168.1.18","192.168.1.1",,,"46224","40",,,"TCP"
"1766114734.140921423","192.168.1.18","192.168.1.1",,,"46224","190",,,"TCP"
"1766114734.140930588","192.168.1.18","192.168.1.1",,,"46224","147",,,"TCP"
"1766114734.140939388","192.168.1.18","192.168.1.1",,,"46224","44",,,"TCP"
"1766114734.140947658","192.168.1.18","192.168.1.1",,,"46224","253",,,"TCP"
"1766114734.140956283","192.168.1.18","192.168.1.1",,,"46224","97",,,"TCP"
"1766114734.140964876","192.168.1.18","192.168.1.1",,,"46224","293",,,"TCP"
"1766114734.140976230","192.168.1.18","192.168.1.1",,,"46224","259",,,"TCP"
"1766114734.140994262","192.168.1.18","192.168.1.1",,,"46224","62",,,"TCP"
"1766114734.141179413","192.168.1.18","192.168.1.1",,,"46224","213",,,"TCP"
"1766114734.141189271","192.168.1.18","192.168.1.1",,,"46224","73",,,"TCP"
"1766114734.141197560","192.168.1.18","192.168.1.1",,,"46224","85",,,"TCP"
"1766114734.141205745","192.168.1.18","192.168.1.1",,,"46224","241",,,"TCP"
"1766114734.141214186","192.168.1.18","192.168.1.1",,,"46224","114",,,"TCP"
"1766114734.141225117","192.168.1.18","192.168.1.1",,,"46224","298",,,"TCP"
"1766114734.141234462","192.168.1.18","192.168.1.1",,,"46224","8",,,"TCP"
"1766114734.141242856","192.168.1.18","192.168.1.1",,,"46224","291",,,"TCP"
"1766114734.141251167","192.168.1.18","192.168.1.1",,,"46224","242",,,"TCP"
"1766114734.141259697","192.168.1.18","192.168.1.1",,,"46224","13",,,"TCP"
"1766114734.141268170","192.168.1.18","192.168.1.1",,,"46224","63",,,"TCP"
"1766114734.141276435","192.168.1.18","192.168.1.1",,,"46224","219",,,"TCP"
"1766114734.143396823","192.168.1.18","192.168.1.1",,,"46224","285",,,"TCP"
"1766114734.143434316","192.168.1.18","192.168.1.1",,,"46224","288",,,"TCP"
"1766114734.143512208","192.168.1.1","192.168.1.18",,,"245","46224",,,"TCP"
"1766114734.143515050","192.168.1.1","192.168.1.18",,,"75","46224",,,"TCP"
"1766114734.143516646","192.168.1.1","192.168.1.18",,,"86","46224",,,"TCP"
"1766114734.143518132","192.168.1.1","192.168.1.18",,,"206","46224",,,"TCP"
"1766114734.143519606","192.168.1.1","192.168.1.18",,,"299","46224",,,"TCP"
"1766114734.143521206","192.168.1.1","192.168.1.18",,,"271","46224",,,"TCP"
"1766114734.143522806","192.168.1.1","192.168.1.18",,,"78","46224",,,"TCP"
"1766114734.143524419","192.168.1.1","192.168.1.18",,,"209","46224",,,"TCP"
"1766114734.143526048","192.168.1.1","192.168.1.18",,,"172","46224",,,"TCP"
"1766114734.143660570","192.168.1.1","192.168.1.18",,,"9","46224",,,"TCP"
"1766114734.143662202","192.168.1.1","192.168.1.18",,,"99","46224",,,"TCP"
"1766114734.143663579","192.168.1.1","192.168.1.18",,,"224","46224",,,"TCP"
"1766114734.143664966","192.168.1.1","192.168.1.18",,,"71","46224",,,"TCP"
"1766114734.143666586","192.168.1.1","192.168.1.18",,,"294","46224",,,"TCP"
"1766114734.143671857","192.168.1.1","192.168.1.18",,,"178","46224",,,"TCP"
"1766114734.143717015","192.168.1.18","192.168.1.1",,,"46224","194",,,"TCP"
"1766114734.143737747","192.168.1.18","192.168.1.1",,,"46224","193",,,"TCP"
"1766114734.143752406","192.168.1.18","192.168.1.1",,,"46224","183",,,"TCP"
"1766114734.143767468","192.168.1.18","192.168.1.1",,,"46224","118",,,"TCP"
"1766114734.143782740","192.168.1.18","192.168.1.1",,,"46224","276",,,"TCP"
"1766114734.143797448","192.168.1.18","192.168.1.1",,,"46224","296",,,"TCP"
"1766114734.143811322","192.168.1.18","192.168.1.1",,,"46224","228",,,"TCP"
"1766114734.143824936","192.168.1.18","192.168.1.1",,,"46224","125",,,"TCP"
"1766114734.143839394","192.168.1.18","192.168.1.1",,,"46224","165",,,"TCP"
"1766114734.143854850","192.168.1.18","192.168.1.1",,,"46224","169",,,"TCP"
"1766114734.143874395","192.168.1.18","192.168.1.1",,,"46224","123",,,"TCP"
"1766114734.143900474","192.168.1.18","192.168.1.1",,,"46224","102",,,"TCP"
"1766114734.143916344","192.168.1.18","192.168.1.1",,,"46224","133",,,"TCP"
"1766114734.143930598","192.168.1.18","192.168.1.1",,,"46224","267",,,"TCP"
"1766114734.143944268","192.168.1.18","192.168.1.1",,,"46224","254",,,"TCP"
"1766114734.143957575","192.168.1.18","192.168.1.1",,,"46224","57",,,"TCP"
"1766114734.143970904","192.168.1.18","192.168.1.1",,,"46224","252",,,"TCP"
"1766114734.143997506","192.168.1.18","192.168.1.1",,,"46224","131",,,"TCP"
"1766114734.144185756","192.168.1.18","192.168.1.1",,,"46224","208",,,"TCP"
"1766114734.144206930","192.168.1.18","192.168.1.1",,,"46224","229",,,"TCP"
"1766114734.144219270","192.168.1.18","192.168.1.1",,,"46224","186",,,"TCP"
"1766114734.144997666","192.168.1.1","192.168.1.18",,,"167","46224",,,"TCP"
"1766114734.144999234","192.168.1.1","192.168.1.18",,,"120","46224",,,"TCP"
"1766114734.144999888","192.168.1.1","192.168.1.18",,,"92","46224",,,"TCP"
"1766114734.145000539","192.168.1.1","192.168.1.18",,,"185","46224",,,"TCP"
"1766114734.145001176","192.168.1.1","192.168.1.18",,,"168","46224",,,"TCP"
"1766114734.145001837","192.168.1.1","192.168.1.18",,,"203","46224",,,"TCP"
"1766114734.145002541","192.168.1.1","192.168.1.18",,,"54","46224",,,"TCP"
"1766114734.145003183","192.168.1.1","192.168.1.18",,,"148","46224",,,"TCP"
"1766114734.145003821","192.168.1.1","192.168.1.18",,,"244","46224",,,"TCP"
"1766114734.145004466","192.168.1.1","192.168.1.18",,,"3","46224",,,"TCP"
"1766114734.145005110","192.168.1.1","192.168.1.18",,,"61","46224",,,"TCP"
"1766114734.145005763","192.168.1.1","192.168.1.18",,,"87","46224",,,"TCP"
"1766114734.145006406","192.168.1.1","192.168.1.18",,,"214","46224",,,"TCP"
"1766114734.145009899","192.168.1.1","192.168.1.18",,,"282","46224",,,"TCP"
"1766114734.145798898","192.168.1.1","192.168.1.18",,,"40","46224",,,"TCP"
"1766114734.145800498","192.168.1.1","192.168.1.18",,,"190","46224",,,"TCP"
"1766114734.145801193","192.168.1.1","192.168.1.18",,,"147","46224",,,"TCP"
"1766114734.145801956","192.168.1.1","192.168.1.18",,,"44","46224",,,"TCP"
"1766114734.145802644","192.168.1.1","192.168.1.18",,,"253","46224",,,"TCP"
"1766114734.145803473","192.168.1.1","192.168.1.18",,,"97","46224",,,"TCP"
"1766114734.145804388","192.168.1.1","192.168.1.18",,,"293","46224",,,"TCP"
"1766114734.145805156","192.168.1.1","192.168.1.18",,,"259","46224",,,"TCP"
"1766114734.145805933","192.168.1.1","192.168.1.18",,,"62","46224",,,"TCP"
"1766114734.145806669","192.168.1.1","192.168.1.18",,,"213","46224",,,"TCP"
"1766114734.145807324","192.168.1.1","192.168.1.18",,,"73","46224",,,"TCP"
"1766114734.145808068","192.168.1.1","192.168.1.18",,,"85","46224",,,"TCP"
"1766114734.145808726","192.168.1.1","192.168.1.18",,,"241","46224",,,"TCP"
"1766114734.145809384","192.168.1.1","192.168.1.18",,,"114","46224",,,"TCP"
"1766114734.145812258","192.168.1.1","192.168.1.18",,,"298","46224",,,"TCP"
"1766114734.146950839","192.168.1.1","192.168.1.18",,,"8","46224",,,"TCP"
"1766114734.146953194","192.168.1.1","192.168.1.18",,,"291","46224",,,"TCP"
"1766114734.146953903","192.168.1.1","192.168.1.18",,,"242","46224",,,"TCP"
"1766114734.146954573","192.168.1.1","192.168.1.18",,,"13","46224",,,"TCP"
"1766114734.146955248","192.168.1.1","192.168.1.18",,,"63","46224",,,"TCP"
"1766114734.146955916","192.168.1.1","192.168.1.18",,,"219","46224",,,"TCP"
"1766114734.146956587","192.168.1.1","192.168.1.18",,,"285","46224",,,"TCP"
"1766114734.146957258","192.168.1.1","192.168.1.18",,,"288","46224",,,"TCP"
"1766114734.146957916","192.168.1.1","192.168.1.18",,,"194","46224",,,"TCP"
"1766114734.146958641","192.168.1.1","192.168.1.18",,,"193","46224",,,"TCP"
"1766114734.146959312","192.168.1.1","192.168.1.18",,,"183","46224",,,"TCP"
"1766114734.146960098","192.168.1.1","192.168.1.18",,,"118","46224",,,"TCP"
"1766114734.146960771","192.168.1.1","192.168.1.18",,,"276","46224",,,"TCP"
"1766114734.146961441","192.168.1.1","192.168.1.18",,,"296","46224",,,"TCP"
"1766114734.146962139","192.168.1.1","192.168.1.18",,,"228","46224",,,"TCP"
"1766114734.146964732","192.168.1.1","192.168.1.18",,,"125","46224",,,"TCP"
"1766114734.147966562","192.168.1.1","192.168.1.18",,,"165","46224",,,"TCP"
"1766114734.147967796","192.168.1.1","192.168.1.18",,,"169","46224",,,"TCP"
"1766114734.147968510","192.168.1.1","192.168.1.18",,,"123","46224",,,"TCP"
"1766114734.147969188","192.168.1.1","192.168.1.18",,,"102","46224",,,"TCP"
"1766114734.147969904","192.168.1.1","192.168.1.18",,,"133","46224",,,"TCP"
"1766114734.147970569","192.168.1.1","192.168.1.18",,,"267","46224",,,"TCP"
"1766114734.147971238","192.168.1.1","192.168.1.18",,,"254","46224",,,"TCP"
"1766114734.147971932","192.168.1.1","192.168.1.18",,,"57","46224",,,"TCP"
"1766114734.147972604","192.168.1.1","192.168.1.18",,,"252","46224",,,"TCP"
"1766114734.147973338","192.168.1.1","192.168.1.18",,,"131","46224",,,"TCP"
"1766114734.147974007","192.168.1.1","192.168.1.18",,,"208","46224",,,"TCP"
"1766114734.147974675","192.168.1.1","192.168.1.18",,,"229","46224",,,"TCP"
"1766114734.147976773","192.168.1.1","192.168.1.18",,,"186","46224",,,"TCP"
"1766114734.150210768","192.168.1.18","192.168.1.1",,,"46224","81",,,"TCP"
"1766114734.150237046","192.168.1.18","192.168.1.1",,,"46224","5",,,"TCP"
"1766114734.150247112","192.168.1.18","192.168.1.1",,,"46224","237",,,"TCP"
"1766114734.150255185","192.168.1.18","192.168.1.1",,,"46224","129",,,"TCP"
"1766114734.150262121","192.168.1.18","192.168.1.1",,,"46224","248",,,"TCP"
"1766114734.150268800","192.168.1.18","192.168.1.1",,,"46224","58",,,"TCP"
"1766114734.150276491","192.168.1.18","192.168.1.1",,,"46224","189",,,"TCP"
"1766114734.150284090","192.168.1.18","192.168.1.1",,,"46224","265",,,"TCP"
"1766114734.150291908","192.168.1.18","192.168.1.1",,,"46224","67",,,"TCP"
"1766114734.150298504","192.168.1.18","192.168.1.1",,,"46224","286",,,"TCP"
"1766114734.150305249","192.168.1.18","192.168.1.1",,,"46224","134",,,"TCP"
"1766114734.150311809","192.168.1.18","192.168.1.1",,,"46224","187",,,"TCP"
"1766114734.150318142","192.168.1.18","192.168.1.1",,,"46224","115",,,"TCP"
"1766114734.150324800","192.168.1.18","192.168.1.1",,,"46224","173",,,"TCP"
"1766114734.150331472","192.168.1.18","192.168.1.1",,,"46224","181",,,"TCP"
"1766114734.150338474","192.168.1.18","192.168.1.1",,,"46224","72",,,"TCP"
"1766114734.150345671","192.168.1.18","192.168.1.1",,,"46224","152",,,"TCP"
"1766114734.150352025","192.168.1.18","192.168.1.1",,,"46224","145",,,"TCP"
"1766114734.150358895","192.168.1.18","192.168.1.1",,,"46224","295",,,"TCP"
"1766114734.150365799","192.168.1.18","192.168.1.1",,,"46224","188",,,"TCP"
"1766114734.150372556","192.168.1.18","192.168.1.1",,,"46224","26",,,"TCP"
"1766114734.150379186","192.168.1.18","192.168.1.1",,,"46224","275",,,"TCP"
"1766114734.150385648","192.168.1.18","192.168.1.1",,,"46224","223",,,"TCP"
"1766114734.150392640","192.168.1.18","192.168.1.1",,,"46224","280",,,"TCP"
"1766114734.150400022","192.168.1.18","192.168.1.1",,,"46224","156",,,"TCP"
"1766114734.150406697","192.168.1.18","192.168.1.1",,,"46224","100",,,"TCP"
"1766114734.150415656","192.168.1.18","192.168.1.1",,,"46224","258",,,"TCP"
"1766114734.150423305","192.168.1.18","192.168.1.1",,,"46224","281",,,"TCP"
"1766114734.150430073","192.168.1.18","192.168.1.1",,,"46224","10",,,"TCP"
"1766114734.150436513","192.168.1.18","192.168.1.1",,,"46224","101",,,"TCP"
"1766114734.150442837","192.168.1.18","192.168.1.1",,,"46224","261",,,"TCP"
"1766114734.150449101","192.168.1.18","192.168.1.1",,,"46224","33",,,"TCP"
"1766114734.150455852","192.168.1.18","192.168.1.1",,,"46224","278",,,"TCP"
"1766114734.150462395","192.168.1.18","192.168.1.1",,,"46224","279",,,"TCP"
"1766114734.150469544","192.168.1.18","192.168.1.1",,,"46224","269",,,"TCP"
"1766114734.150476569","192.168.1.18","192.168.1.1",,,"46224","231",,,"TCP"
"1766114734.150483002","192.168.1.18","192.168.1.1",,,"46224","90",,,"TCP"
"1766114734.150489221","192.168.1.18","192.168.1.1",,,"46224","91",,,"TCP"
"1766114734.150495250","192.168.1.18","192.168.1.1",,,"46224","180",,,"TCP"
"1766114734.150502449","192.168.1.18","192.168.1.1",,,"46224","195",,,"TCP"
"1766114734.150508900","192.168.1.18","192.168.1.1",,,"46224","240",,,"TCP"
"1766114734.150515337","192.168.1.18","192.168.1.1",,,"46224","24",,,"TCP"
"1766114734.150522633","192.168.1.18","192.168.1.1",,,"46224","284",,,"TCP"
"1766114734.150529135","192.168.1.18","192.168.1.1",,,"46224","69",,,"TCP"
"1766114734.150535475","192.168.1.18","192.168.1.1",,,"46224","93",,,"TCP"
"1766114734.150542092","192.168.1.18","192.168.1.1",,,"46224","277",,,"TCP"
"1766114734.150551473","192.168.1.18","192.168.1.1",,,"46224","166",,,"TCP"
"1766114734.150564339","192.168.1.18","192.168.1.1",,,"46224","221",,,"TCP"
"1766114734.150578017","192.168.1.18","192.168.1.1",,,"46224","155",,,"TCP"
"1766114734.150763170","192.168.1.18","192.168.1.1",,,"46224","11",,,"TCP"
"1766114734.152897718","192.168.1.18","192.168.1.1",,,"46224","157",,,"TCP"
"1766114734.152923773","192.168.1.18","192.168.1.1",,,"46224","257",,,"TCP"
"1766114734.152935327","192.168.1.18","192.168.1.1",,,"46224","141",,,"TCP"
"1766114734.152943026","192.168.1.18","192.168.1.1",,,"46224","297",,,"TCP"
"1766114734.152950465","192.168.1.18","192.168.1.1",,,"46224","117",,,"TCP"
"1766114734.152958352","192.168.1.18","192.168.1.1",,,"46224","35",,,"TCP"
"1766114734.152966086","192.168.1.18","192.168.1.1",,,"46224","38",,,"TCP"
"1766114734.152973236","192.168.1.18","192.168.1.1",,,"46224","184",,,"TCP"
"1766114734.152981760","192.168.1.18","192.168.1.1",,,"46224","264",,,"TCP"
"1766114734.152992494","192.168.1.18","192.168.1.1",,,"46224","122",,,"TCP"
"1766114734.153000469","192.168.1.18","192.168.1.1",,,"46224","70",,,"TCP"
"1766114734.153007773","192.168.1.18","192.168.1.1",,,"46224","192",,,"TCP"
"1766114734.153015636","192.168.1.18","192.168.1.1",,,"46224","49",,,"TCP"
"1766114734.153026910","192.168.1.18","192.168.1.1",,,"46224","108",,,"TCP"
"1766114734.153039161","192.168.1.18","192.168.1.1",,,"46224","42",,,"TCP"
"1766114734.153051012","192.168.1.18","192.168.1.1",,,"46224","7",,,"TCP"
"1766114734.153062932","192.168.1.18","192.168.1.1",,,"46224","243",,,"TCP"
"1766114734.153073293","192.168.1.18","192.168.1.1",,,"46224","106",,,"TCP"
"1766114734.153124539","192.168.1.1","192.168.1.18",,,"81","46224",,,"TCP"
"1766114734.153126248","192.168.1.1","192.168.1.18",,,"5","46224",,,"TCP"
"1766114734.153126986","192.168.1.1","192.168.1.18",,,"237","46224",,,"TCP"
"1766114734.153127661","192.168.1.1","192.168.1.18",,,"129","46224",,,"TCP"
"1766114734.153128395","192.168.1.1","192.168.1.18",,,"248","46224",,,"TCP"
"1766114734.153129071","192.168.1.1","192.168.1.18",,,"58","46224",,,"TCP"
"1766114734.153129782","192.168.1.1","192.168.1.18",,,"189","46224",,,"TCP"
"1766114734.153130459","192.168.1.1","192.168.1.18",,,"265","46224",,,"TCP"
"1766114734.153131132","192.168.1.1","192.168.1.18",,,"67","46224",,,"TCP"
"1766114734.153131793","192.168.1.1","192.168.1.18",,,"286","46224",,,"TCP"
"1766114734.153132471","192.168.1.1","192.168.1.18",,,"134","46224",,,"TCP"
"1766114734.153133137","192.168.1.1","192.168.1.18",,,"187","46224",,,"TCP"
"1766114734.153276727","192.168.1.1","192.168.1.18",,,"115","46224",,,"TCP"
"1766114734.153277636","192.168.1.1","192.168.1.18",,,"173","46224",,,"TCP"
"1766114734.153291078","192.168.1.1","192.168.1.18",,,"181","46224",,,"TCP"
"1766114734.153295358","192.168.1.1","192.168.1.18",,,"72","46224",,,"TCP"
"1766114734.154501310","192.168.1.1","192.168.1.18",,,"152","46224",,,"TCP"
"1766114734.154503197","192.168.1.1","192.168.1.18",,,"145","46224",,,"TCP"
"1766114734.154504144","192.168.1.1","192.168.1.18",,,"295","46224",,,"TCP"
"1766114734.154505073","192.168.1.1","192.168.1.18",,,"188","46224",,,"TCP"
"1766114734.154506140","192.168.1.1","192.168.1.18",,,"26","46224",,,"TCP"
"1766114734.154507095","192.168.1.1","192.168.1.18",,,"275","46224",,,"TCP"
"1766114734.154508015","192.168.1.1","192.168.1.18",,,"223","46224",,,"TCP"
"1766114734.154508942","192.168.1.1","192.168.1.18",,,"280","46224",,,"TCP"
"1766114734.154509893","192.168.1.1","192.168.1.18",,,"156","46224",,,"TCP"
"1766114734.154510802","192.168.1.1","192.168.1.18",,,"100","46224",,,"TCP"
"1766114734.154511715","192.168.1.1","192.168.1.18",,,"258","46224",,,"TCP"
"1766114734.154512626","192.168.1.1","192.168.1.18",,,"281","46224",,,"TCP"
"1766114734.154513631","192.168.1.1","192.168.1.18",,,"10","46224",,,"TCP"
"1766114734.154514544","192.168.1.1","192.168.1.18",,,"101","46224",,,"TCP"
"1766114734.154517338","192.168.1.1","192.168.1.18",,,"261","46224",,,"TCP"
"1766114734.155406120","192.168.1.1","192.168.1.18",,,"33","46224",,,"TCP"
"1766114734.155407928","192.168.1.1","192.168.1.18",,,"278","46224",,,"TCP"
"1766114734.155408922","192.168.1.1","192.168.1.18",,,"279","46224",,,"TCP"
"1766114734.155409897","192.168.1.1","192.168.1.18",,,"269","46224",,,"TCP"
"1766114734.155410867","192.168.1.1","192.168.1.18",,,"231","46224",,,"TCP"
"1766114734.155412040","192.168.1.1","192.168.1.18",,,"90","46224",,,"TCP"
"1766114734.155412975","192.168.1.1","192.168.1.18",,,"91","46224",,,"TCP"
"1766114734.155413991","192.168.1.1","192.168.1.18",,,"180","46224",,,"TCP"
"1766114734.155415200","192.168.1.1","192.168.1.18",,,"195","46224",,,"TCP"
"1766114734.155416114","192.168.1.1","192.168.1.18",,,"240","46224",,,"TCP"
"1766114734.155417058","192.168.1.1","192.168.1.18",,,"24","46224",,,"TCP"
"1766114734.155418460","192.168.1.1","192.168.1.18",,,"284","46224",,,"TCP"
"1766114734.155419405","192.168.1.1","192.168.1.18",,,"69","46224",,,"TCP"
"1766114734.155420451","192.168.1.1","192.168.1.18",,,"93","46224",,,"TCP"
"1766114734.155424458","192.168.1.1","192.168.1.18",,,"277","46224",,,"TCP"
"1766114734.157011909","192.168.1.1","192.168.1.18",,,"166","46224",,,"TCP"
"1766114734.157013198","192.168.1.1","192.168.1.18",,,"221","46224",,,"TCP"
"1766114734.157014114","192.168.1.1","192.168.1.18",,,"155","46224",,,"TCP"
"1766114734.157014949","192.168.1.1","192.168.1.18",,,"11","46224",,,"TCP"
"1766114734.157015787","192.168.1.1","192.168.1.18",,,"157","46224",,,"TCP"
"1766114734.157016631","192.168.1.1","192.168.1.18",,,"257","46224",,,"TCP"
"1766114734.157017718","192.168.1.1","192.168.1.18",,,"141","46224",,,"TCP"
"1766114734.157018541","192.168.1.1","192.168.1.18",,,"297","46224",,,"TCP"
"1766114734.157019423","192.168.1.1","192.168.1.18",,,"117","46224",,,"TCP"
"1766114734.157020327","192.168.1.1","192.168.1.18",,,"35","46224",,,"TCP"
"1766114734.157021160","192.168.1.1","192.168.1.18",,,"38","46224",,,"TCP"
"1766114734.157021992","192.168.1.1","192.168.1.18",,,"184","46224",,,"TCP"
"1766114734.157022811","192.168.1.1","192.168.1.18",,,"264","46224",,,"TCP"
"1766114734.157023630","192.168.1.1","192.168.1.18",,,"122","46224",,,"TCP"
"1766114734.157178717","192.168.1.1","192.168.1.18",,,"70","46224",,,"TCP"
"1766114734.157181370","192.168.1.1","192.168.1.18",,,"192","46224",,,"TCP"
"1766114734.157442548","192.168.1.1","192.168.1.18",,,"49","46224",,,"TCP"
"1766114734.157443698","192.168.1.1","192.168.1.18",,,"108","46224",,,"TCP"
"1766114734.157444622","192.168.1.1","192.168.1.18",,,"42","46224",,,"TCP"
"1766114734.157445576","192.168.1.1","192.168.1.18",,,"7","46224",,,"TCP"
"1766114734.157446456","192.168.1.1","192.168.1.18",,,"243","46224",,,"TCP"
"1766114734.157448667","192.168.1.1","192.168.1.18",,,"106","46224",,,"TCP"
"1766114735.197821968","192.168.1.18","192.168.1.1",,,"46226","22",,,"TCP"
"1766114735.197900223","192.168.1.18","192.168.1.1",,,"46226","23",,,"TCP"
"1766114735.197926492","192.168.1.18","192.168.1.1",,,"46226","21",,,"TCP"
"1766114739.507216503",,,,,,,,,"ARP"
"1766114739.507236058",,,,,,,,,"ARP"
"1766114743.002207034",,,,,,,,,"ARP"
"1766114743.003064409",,,,,,,,,"ARP"
